{
    "loss": 21.849475860595703,
    "accuracy": 0.4979253113269806
}